{"cameraMode":{"drawMode":0,"name":"Shaded","section":"Shading Mode"},"sceneLighting":true,"audioPlay":false,"sceneViewState":{"showFog":true,"showMaterialUpdate":false,"showSkybox":true,"showFlares":true,"showImageEffects":true,"showParticleSystems":true},"in2DMode":false,"pivot":{"x":403.0678405761719,"y":189.1496124267578,"z":134.19134521484376},"rotation":{"x":0.010157055221498013,"y":-0.1101934164762497,"z":0.0011205545160919428,"w":0.9938576221466065},"size":561.9271240234375,"orthographic":true}