{"cameraMode":{"drawMode":0,"name":"Shaded","section":"Shading Mode"},"sceneLighting":false,"audioPlay":false,"sceneViewState":{"showFog":true,"showMaterialUpdate":false,"showSkybox":false,"showFlares":true,"showImageEffects":true,"showParticleSystems":true},"in2DMode":false,"pivot":{"x":-8.489999771118164,"y":-3.299999952316284,"z":2.369999885559082},"rotation":{"x":0.027608318254351617,"y":-0.006602663081139326,"z":0.00018230360001325607,"w":0.9995970129966736},"size":4.041658878326416,"orthographic":false}