{"cameraMode":{"drawMode":0,"name":"Shaded","section":"Shading Mode"},"sceneLighting":true,"audioPlay":false,"sceneViewState":{"showFog":true,"showMaterialUpdate":false,"showSkybox":true,"showFlares":true,"showImageEffects":true,"showParticleSystems":true},"in2DMode":false,"pivot":{"x":10.898588180541993,"y":7.4773359298706059,"z":0.7835137844085693},"rotation":{"x":0.00691209128126502,"y":0.013795485720038414,"z":-0.00009547918307362124,"w":0.9998810291290283},"size":11.62172794342041,"orthographic":false}